model_name,link,open_data,finetune,size,time,verilogeval_machine,verilogeval_human,RTLLM_V1_0_Syntax,RTLLM_V1_0_Func,RTLLM_V1_1_Syntax,RTLLM_V1_1_Func,RTLLM_V1_1_Syntax(p@5),RTLLM_V1_1_Func(p@5),RTLLM_V2_Syntax,RTLLM_V2_Func,RTLLM_V2_Syntax(p@5),RTLLM_V2_Func(p@5),VerilogEvalV2,RealBench_Module_Syntax,RealBench_Module_Func,RealBench_System_Syntax,RealBench_System_Func
GPT-3.5,null,NONE,FALSE,null,0,46.7,26.7,63,33,89.7,37.9,,,,,,,,,,,
GPT-4,null,NONE,FALSE,null,0,60,43.5,87,50,100,65.5,,,,,,,,27,9.4,0,0
GPT-4o,null,NONE,FALSE,null,0,,,,,,,,,,,,,,24.5,10.9,31.3,0
GPT-4o-V,null,NONE,FALSE,null,0,,,,,,,,,,,,,,29.3,13.5,38.8,0
StarCoder,https://arxiv.org/abs/2305.06161,NONE,FALSE,15,20230509,46.8,18.1,30,16.7,93.1,27.6,,,,,,,,,,,
VeriGen-Codegen-16B,https://ieeexplore.ieee.org/abstract/document/10137086,Full,TRUE,16,20221213,44,30.3,40,16.7,86.2,24.1,,,,,,,,,,,
VerilogEval-Codegen-16B-verilog-sft,https://ieeexplore.ieee.org/abstract/document/10323812/,NONE,TRUE,16,20230914,46.2,28.8,null,null,null,null,,,,,,,,,,,
VerilogEval-Codegen-16B-multi-sft,https://ieeexplore.ieee.org/abstract/document/10323812/,NONE,TRUE,16,20230914,37.1,17.1,null,null,null,null,,,,,,,,,,,
VerilogEval-Codegen-6B-verilog-sft,https://ieeexplore.ieee.org/abstract/document/10323812/,NONE,TRUE,6,20230914,40,26.6,null,null,null,null,,,,,,,,,,,
VerilogEval-Codegen-6B-multi-sft,https://ieeexplore.ieee.org/abstract/document/10323812/,NONE,TRUE,6,20230914,31.5,14.9,null,null,null,null,,,,,,,,,,,
VerilogEval-Codegen-2B-verilog-sft,https://ieeexplore.ieee.org/abstract/document/10323812/,NONE,TRUE,2,20230914,35.9,23.1,null,null,null,null,,,,,,,,,,,
VerilogEval-Codegen-2B-multi-sft,https://ieeexplore.ieee.org/abstract/document/10323812/,NONE,TRUE,2,20230914,29.2,14.2,null,null,null,null,,,,,,,,,,,
VerilogEval-Codegen-350M-multi-sft,https://ieeexplore.ieee.org/abstract/document/10323812/,NONE,TRUE,0.35,20230914,9.1,4.3,null,null,null,null,,,,,,,,,,,
RTLCoder-Mistral-4bit,https://arxiv.org/abs/2312.08617,Full,TRUE,7,20231213,59.5,33.8,90,33.3,86.2,41.4,,,,,,,,,,,
RTLCoder-DeepSeek-4bit,https://arxiv.org/abs/2312.08617,Full,TRUE,6.7,20231213,56.5,37.5,86.7,26.7,93.1,37.9,,,,,,,,,,,
RTLCoder-Mistral,https://arxiv.org/abs/2312.08617,Full,TRUE,7,20231213,62.5,36.7,90,40,96.6,48.3,,,,,,,,,,,
RTLCoder-DeepSeek,https://arxiv.org/abs/2312.08617,Full,TRUE,6.7,20231213,61.2,41.6,86.7,40,93.1,48.3,,,,,,,,10.9,3.4,0,0
RTLCoder-Mistral-10k,https://arxiv.org/abs/2312.08617,Full,TRUE,7,20231213,56.5,31.7,83.3,36.7,86.2,34.5,,,,,,,,,,,
RTLCoder-DeepSeek-10k,https://arxiv.org/abs/2312.08617,Full,TRUE,6.7,20231213,55.3,36.7,80,30,79.3,37.9,,,,,,,,,,,
RTLCoder-Mistral-Direct,https://arxiv.org/abs/2312.08617,Full,TRUE,7,20231213,58.9,34.4,86.7,33.3,89.7,41.4,,,,,,,,,,,
RTLCoder-DeepSeek-Direct,https://arxiv.org/abs/2312.08617,Full,TRUE,6.7,20231213,59.8,39.1,86.7,36.7,86.2,44.8,,,,,,,,,,,
DataIsAllYouNeed-Llama2-13B-FT,https://arxiv.org/abs/2403.11202,NONE,TRUE,13,20240317,null,null,100,72.4,null,null,,,,,,,,,,,
DataIsAllYouNeed-Llama2-7B-FT,https://arxiv.org/abs/2403.11202,NONE,TRUE,7,20240317,null,null,89.6,51.7,null,null,,,,,,,,,,,
ChipNeMo-7B,https://arxiv.org/abs/2311.00176,NONE,TRUE,7,20231031,28.7,8.3,null,null,null,null,,,,,,,,,,,
ChipNeMo-13B,https://arxiv.org/abs/2311.00176,NONE,TRUE,13,20231031,43.4,22.4,null,null,null,null,,,,,,,,,,,
ChipNeMo-70B,https://arxiv.org/abs/2311.00176,NONE,TRUE,70,20231031,53.8,27.6,null,null,null,null,,,,,,,,,,,
CodeGen-2B fine-grained labels,https://arxiv.org/abs/2404.08029,NONE,TRUE,2,20240411,27,21.1,null,null,null,null,,,,,,,,,,,
CodeGen-6B fine-grained labels,https://arxiv.org/abs/2404.08029,NONE,TRUE,6,20240411,42.6,26.9,null,null,null,null,,,,,,,,,,,
CodeGen-16B fine-grained labels,https://arxiv.org/abs/2404.08029,NONE,TRUE,16,20240411,47.5,32.7,null,null,null,null,,,,,,,,,,,
CodeGen-2B MEV-LLM,https://arxiv.org/abs/2404.08029,NONE,TRUE,2,20240411,44,34.6,null,null,null,null,,,,,,,,,,,
CodeGen-6B MEV-LLM,https://arxiv.org/abs/2404.08029,NONE,TRUE,6,20240411,57.3,42.9,null,null,null,null,,,,,,,,,,,
CodeGen-16B MEV-LLM,https://arxiv.org/abs/2404.08029,NONE,TRUE,16,20240411,60.8,47.4,null,null,null,null,,,,,,,,,,,
GEMMA-2B fine-grained labels,https://arxiv.org/abs/2404.08029,NONE,TRUE,2,20240411,15.3,13.4,null,null,null,null,,,,,,,,,,,
GEMMA-7B fine-grained labels,https://arxiv.org/abs/2404.08029,NONE,TRUE,7,20240411,22.3,19.8,null,null,null,null,,,,,,,,,,,
GEMMA-2B MEV-LLM,https://arxiv.org/abs/2404.08029,NONE,TRUE,2,20240411,31.4,27.5,null,null,null,null,,,,,,,,,,,
GEMMA-7B MEV-LLM,https://arxiv.org/abs/2404.08029,NONE,TRUE,7,20240411,41.9,37.8,null,null,null,null,,,,,,,,,,,
BetterV-CodeLlama,https://arxiv.org/abs/2402.03375,NONE,TRUE,7,20240203,64.2,40.9,null,null,null,null,,,,,,,,,,,
BetterV-DeepSeek,https://arxiv.org/abs/2402.03375,NONE,TRUE,6.7,20240203,67.8,45.9,null,null,null,null,,,,,,,,,,,
BetterV-CodeQwen,https://arxiv.org/abs/2402.03375,NONE,TRUE,7,20240203,68.1,46.1,null,null,null,null,,,,,,,,,,,
BetterV-CodeLlama-base,https://arxiv.org/abs/2402.03375,NONE,TRUE,7,20240203,null,40,null,null,null,null,,,,,,,,,,,
BetterV-CodeLlama-Dis,https://arxiv.org/abs/2402.03375,NONE,TRUE,7,20240203,null,20.3,null,null,null,null,,,,,,,,,,,
ITERTL-DeepSeek-10k,https://arxiv.org/abs/2407.12022,NONE,TRUE,6.7,20240627,62.2,42.9,null,null,null,null,,,,,,,,,,,
FROM_ENGLISH_TO_ASIC-Mistral-7B,https://arxiv.org/abs/2403.07039,NONE,TRUE,7,20240311,40.59,null,null,null,null,null,,,,,,,,,,,
CodeV-CodeLlama,https://arxiv.org/abs/2407.10424,Partial,TRUE,7,20240714,78.1,45.2,null,null,93.1,62.1,,,,,,,,,,,
CodeV-DeepSeek,https://arxiv.org/abs/2407.10424,Partial,TRUE,6.7,20240714,77.9,52.7,null,null,89.7,55.2,,,,,,,,,,,
CodeV-CodeQwen,https://arxiv.org/abs/2407.10424,Partial,TRUE,7,20240714,77.6,53.2,null,null,93.1,55.2,,,,,,,,3.6,0.3,0,0
CodeLlama-7b-Instruct,https://arxiv.org/abs/2308.12950,NONE,FALSE,7,20230825,43.1,18.2,null,null,86.2,31,,,,,,,,,,,
Deepseek-Coder-6.7b-Instruct,https://arxiv.org/abs/2401.14196,NONE,FALSE,6.7,20240125,52.2,30.2,null,null,93.1,44.8,,,,,,,,,,,
CodeQwen1.5-7B-Chat,https://arxiv.org/abs/2309.16609,NONE,FALSE,7,20230928,46.5,22.5,null,null,86.2,41.4,,,,,,,,,,,
Codegen2,https://arxiv.org/abs/2305.02309,NONE,FALSE,16,20230503,5,0.9,46.7,5.77,72.4,6.9,,,,,,,,,,,
Mistral-7B-v0.1,https://arxiv.org/abs/2310.06825,NONE,FALSE,7,20231010,36.9,4.49,76.7,10,72.4,20.7,,,,,,,,,,,
AutoVCoder-Codellama,https://arxiv.org/abs/2407.18333,NONE,TRUE,7,20240721,63.7,44.5,null,null,93.1,48.3,,,,,,,,,,,
AutoVCoder-DeepSeek,https://arxiv.org/abs/2407.18333,NONE,TRUE,6.7,20240721,69,46.9,null,null,100,51.7,,,,,,,,,,,
AutoVCoder-CodeQwen,https://arxiv.org/abs/2407.18333,NONE,TRUE,7,20240721,68.7,48.5,null,null,100,51.7,,,,,,,,,,,
AutoVCoder-Codellama-1,https://arxiv.org/abs/2407.18333,NONE,TRUE,7,20240721,39.2,28.5,null,null,72.4,14,,,,,,,,,,,
AutoVCoder-Codellama-2,https://arxiv.org/abs/2407.18333,NONE,TRUE,7,20240721,55.1,39.2,null,null,89.6,37.9,,,,,,,,,,,
AutoVCoder-Codellama-1&2,https://arxiv.org/abs/2407.18333,NONE,TRUE,7,20240721,60.1,41.6,null,null,89.6,44.8,,,,,,,,,,,
AutoVCoder-DeepSeek-1,https://arxiv.org/abs/2407.18333,NONE,TRUE,6.7,20240721,57.3,34.8,null,null,93.1,34.5,,,,,,,,,,,
AutoVCoder-DeepSeek-2,https://arxiv.org/abs/2407.18333,NONE,TRUE,6.7,20240721,65.5,45.5,null,null,93.1,44.8,,,,,,,,,,,
AutoVCoder-DeepSeek-1&2,https://arxiv.org/abs/2407.18333,NONE,TRUE,6.7,20240721,67.1,45.1,null,null,100,51.7,,,,,,,,,,,
AutoVCoder-CodeQwen-1,https://arxiv.org/abs/2407.18333,NONE,TRUE,7,20240721,58.9,32.7,null,null,82.7,34.5,,,,,,,,,,,
AutoVCoder-CodeQwen-2,https://arxiv.org/abs/2407.18333,NONE,TRUE,7,20240721,65.3,45.5,null,null,96.6,44.8,,,,,,,,,,,
AutoVCoder-CodeQwen-1&2,https://arxiv.org/abs/2407.18333,NONE,TRUE,7,20240721,66.8,46.2,null,null,100,51.7,,,,,,,,,,,
AutoVCoder-Codellama-ER,https://arxiv.org/abs/2407.18333,NONE,TRUE,7,20240721,63.1,44.5,null,null,93.1,48.3,,,,,,,,,,,
AutoVCoder-Codellama-KR,https://arxiv.org/abs/2407.18333,NONE,TRUE,7,20240721,60.9,40.5,null,null,89.6,44.8,,,,,,,,,,,
AutoVCoder-DeepSeek-ER,https://arxiv.org/abs/2407.18333,NONE,TRUE,6.7,20240721,68.1,46.6,null,null,100,51.7,,,,,,,,,,,
AutoVCoder-DeepSeek-KR,https://arxiv.org/abs/2407.18333,NONE,TRUE,6.7,20240721,66.9,45.5,null,null,100,51.7,,,,,,,,,,,
AutoVCoder-CodeQwen-ER,https://arxiv.org/abs/2407.18333,NONE,TRUE,7,20240721,68.2,48.5,null,null,100,51.7,,,,,,,,,,,
AutoVCoder-CodeQwen-KR,https://arxiv.org/abs/2407.18333,NONE,TRUE,7,20240721,68.5,46.5,null,null,100,51.7,,,,,,,,,,,
o1-preview-2024-09-12,null,NONE,FALSE,null,0,79.27,75,null,null,100,82.76,,,,,,,,28.3,13.3,25,0
VeriAssist-Claude-3,https://arxiv.org/pdf/2406.00115,NONE,FALSE,null,20250315,63.8,41.6,,,,,96.6,65.5,,,,,,,,,
VeriAssist-GPT-3.5,https://arxiv.org/pdf/2406.00115,NONE,FALSE,null,20250315,55.3,34.4,,,,,93.1,48.3,,,,,,,,,
VeriAssist-GPT-4,https://arxiv.org/pdf/2406.00115,NONE,FALSE,null,20250315,67.5,50.5,,,,,100,75.9,,,,,,,,,
ITERTL-DeepSeek-8k,https://arxiv.org/pdf/2407.12022,NONE,TRUE,6.7,20240628,60.8,41.7,,,,,,,,,,,,,,,
ITERTL-DeepSeek-10k,https://arxiv.org/pdf/2407.12022,NONE,TRUE,6.7,20240628,61.5,42.3,,,,,,,,,,,,,,,
ITERTL-DeepSeek-22k,https://arxiv.org/pdf/2407.12022,NONE,TRUE,6.7,20240628,60.8,45.5,,,,,,,,,,,,,,,
ITERTL-DeepSeekV2-7k,https://arxiv.org/pdf/2407.12022,NONE,TRUE,16,20240628,61.5,53.8,,,,,,,,,,,,,,,
OriGen-DeepSeek-Coder-7B-Instruct,https://arxiv.org/pdf/2407.16237,Full,TRUE,7,20240723,74.1,54.4,,,,,,65.5,,,,,,,,,
AIvirl-Claude-3.5-Sonnet,https://arxiv.org/pdf/2409.11411,NONE,FALSE,null,20240903,,70.51,,,,,,,,,,,,,,,
AIvirl-GPT-4o,https://arxiv.org/pdf/2409.11411,NONE,FALSE,null,20240903,,64.74,,,,,,,,,,,,,,,
AIvirl-Llama3-70B,https://arxiv.org/pdf/2409.11411,Partial,FALSE,70,20240903,,54.48,,,,,,,,,,,,,,,
AIvirl2-Llama3-70B,https://arxiv.org/pdf/2409.11411,Partial,FALSE,70,20241121,,55.13,,,,,,,,,,,,,,,
AIvirl2-GPT-4o,https://arxiv.org/pdf/2409.11411,NONE,FALSE,null,20241121,,72.44,,,,,,,,,,,,,,,
AIvirl2-Claude-3.5-Sonnet,https://arxiv.org/pdf/2409.11411,NONE,FALSE,null,20241121,,77,,,,,,,,,,,,,,,
MAGE-Claude-3.5-Sonnet-2024-10-22,https://arxiv.org/pdf/2412.07822,NONE,FALSE,null,20250729,,94.8,,,,,,,,,,,95.7,,,,
RTLSquad-LLaMA,https://arxiv.org/pdf/2501.05470,Partial,FALSE,70,20250105,,,,,,,,,,,,58,,,,,
RTLSquad-Deepseek,https://arxiv.org/pdf/2501.05470,NONE,FALSE,null,20250105,,,,,,,,,,,,72.0 ,,,,,
VeriMind-GPT-4o-mini,https://arxiv.org/pdf/2503.16514,NONE,FALSE,null,20250315,60.1,44.2,,,,,,,,,,,,,,,
VeriMind-Claude3.5-Sonnet,https://arxiv.org/pdf/2503.16514,NONE,FALSE,null,20250315,74.8,56.4,,,,,,,,,,,,,,,
VeriMind-CodeLlama-70b-Instruct,https://arxiv.org/pdf/2503.16514,Partial,FALSE,70,20250315,54.5,40.4,,,,,,,,,,,,,,,
VeriMind-Deep-Seek-Coder-V2-Instruct,https://arxiv.org/pdf/2503.16514,Partial,FALSE,16,20250315,63.6,48.1,,,,,,,,,,,,,,,
VeriMind-PyraNet-DeepSeek,https://arxiv.org/pdf/2503.16514,Partial,FALSE,7,20250315,77.6,58.3,,,,,,,,,,,,,,,
VFlow,https://arxiv.org/pdf/2504.03723,NONE,FALSE,null,20250330,84.3,82.8,,,,,,,,,,,,,,,
VeriCoder-Qwen2.5-14B-Instruct,https://arxiv.org/pdf/2504.15659,Full,TRUE,14,20250422,55.7,38.3,,,,,79.3,48.3,,,,,,,,,
ChiselLLM-32B,https://arxiv.org/pdf/2504.19144,Partial,TRUE,32,20250427,,51.43,,,,,,,,42.32,,,,,,,
ChiseLLM-7B,https://arxiv.org/pdf/2504.19144,Partial,TRUE,7,20250427,,29.41,,,,,,,,22,,,,,,,
VeriReason-Qwen2.5-1.5B,https://arxiv.org/pdf/2505.11849,Full,TRUE,1.5,20250317,44.7,23.5,,,,,,,,,,,,,,,
VeriReason-Qwen2.5-3B,https://arxiv.org/pdf/2505.11849,Full,TRUE,3,20250317,55.9,33.2,,,,,,,,,,,,,,,
VeriReason-Qwen2.5-7B,https://arxiv.org/pdf/2505.11849,Full,TRUE,7,20250317,69.8,47.9,,,,,,,,,,,,,,,
VeriReason-codeLlama-7B,https://arxiv.org/pdf/2505.11849,Full,TRUE,7,20250317,51.3,27.5,,,,,,,,,,,,,,,
RTL++ @ 200K Trained,https://arxiv.org/pdf/2505.13479,NONE,TRUE,7,20250511,,59.9,,,,,93.9,51.7,,,,,,,,,
ScaleRTL-32B,https://arxiv.org/pdf/2506.05566,NONE,TRUE,32,20250605,80,76.3,,,,55.5,,75.4,,,,,,,,,
ScaleRTL†-32B,https://arxiv.org/pdf/2506.05566,NONE,TRUE,32,20250605,83.2,80.4,,,,60.7,,78.5,,,,,,,,,
DeepRTL2-Llama,https://arxiv.org/pdf/2506.15697,NONE,TRUE,8,20250528,,,,,,,,,68.3,33.7,81.31,49.57,,,,,
DeepRTL2-DeepSeek,https://arxiv.org/pdf/2507.02226,NONE,TRUE,6.7,20250528,,,,,,,,,71.6,38.5,80.58,52.62,,,,,
DecoRTL-CodeLlama-7B,https://arxiv.org/pdf/2507.02226,NONE,FALSE,7,20250702,,32,,,,,,,,,,,,,,,
DecoRTL-QwenCoder-14B,https://arxiv.org/pdf/2507.02226,NONE,FALSE,14,20250702,,54.4,,,,,,,,,,,,,,,
DecoRTL-CodeV,https://arxiv.org/pdf/2507.02226,NONE,FALSE,7,20250702,,69.8,,,,,,,,,,,,,,,
ChipSeek-SFT,https://arxiv.org/pdf/2507.04736,NONE,TRUE,7,20250707,57.3,34.7,,,,,86.2,44.4,,,,,,,,,
ChipSeek-R1,https://arxiv.org/pdf/2507.04736,NONE,TRUE,7,20250707,84.1,62.2,,,,,96.6,82.8,,,,,,,,,
"Understanding and Mitigating Errors of
LLM-Generated RTL Code-Qwen-Coder-32BInstruction",https://arxiv.org/pdf/2508.05266,NONE,FALSE,32,20250807,,76.9,,,,,,,,,,,78.1,,,,
"Understanding and Mitigating Errors of
LLM-Generated RTL Code-GPT-3.5 Turbo",https://arxiv.org/pdf/2508.05266,NONE,FALSE,null,20250807,,73.1,,,,,,,,,,,72.4,,,,
"Understanding and Mitigating Errors of
LLM-Generated RTL Code-GPT-4.5 Turbo",https://arxiv.org/pdf/2508.05266,NONE,FALSE,null,20250807,,91,,,,,,,,,,,90.4,,,,
Llama-3.1-8B,https://arxiv.org/pdf/2407.21783,Partial,FALSE,8,0,,,,,,,,,,,,,,10.3,2.9,0,0
Llama-3.1-405B,https://arxiv.org/pdf/2407.21783,Partial,FALSE,405,0,,,,,,,,,,,,,,6.6,2.8,0,0
DeepSeek-V3-671B,https://arxiv.org/abs/2412.19437,Partial,FALSE,671,0,,,,,,,,,,,,,,24.9,12.8,41.3,0
DeepSeek-R1-671B,https://arxiv.org/abs/2501.12948,Partial,FALSE,671,0,,,,,,,,,,,,,,13.4,8,16.3,0
